S&P;AA+;stable;Sep 16 2016
DBRS;AA (high);stable;Sep 09 2016
Moody's;Aa1;stable;Jun 03 2016
Fitch;AA+;stable;Mar 11 2016
S&P;AA+;negative;Sep 25 2015
DBRS;AAA;negative;Sep 11 2015
Moody's;Aaa;negative;Jun 05 2015
Fitch;AAA;negative;Mar 20 2015
S&P;AA+;stable;Oct 10 2014
DBRS;AAA;stable;May 16 2014
S&P;AAA;negative;Apr 11 2014
S&P;AAA;stable;Jan 14 2013
DBRS;AAA;stable;Aug 14 2012
S&P;AAA;negative;Jan 13 2012
S&P;AAA;negative watch;Dec 05 2011
S&P;AAA;stable;Feb 01 2002
S&P;AA+;positive;Oct 03 2000
Fitch;AAA;stable;Sep 21 2000
S&P;AA+;stable;Sep 01 1999
Fitch;AAA;n/a;Aug 05 1998
S&P;AA;positive;May 06 1998
Moody's;Aaa;stable;May 04 1998
Fitch;AA+;n/a;Apr 29 1997
Moody's;Aa1;stable;Jan 15 1997
S&P;AA;stable;Dec 17 1996
Fitch;AA;n/a;Mar 12 1996
S&P;AA-;positive;Aug 10 1995
Fitch;AA-;n/a;Aug 10 1994
S&P;AA-;stable;Mar 10 1993
S&P;AA+;negative;Sep 16 1992
S&P;AA+;stable;Mar 03 1992
Moody's;Aa2;stable;Jan 13 1992
S&P;AAA;negative;Dec 18 1990
Moody's;Aa1;stable;Oct 20 1990
S&P;AAA;stable;Jun 26 1989
Moody's;Aaa;stable;Feb 07 1986
Moody's;Aa;stable;Oct 19 1977
S&P;AAA;n/a;Apr 01 1972
