Agency;Rating;Outlook;Date
TE;99;stable;Apr 16 2016
DBRS;AAA;stable;Apr 17 2012
Fitch;AAA;stable;Mar 08 2004
S&P;AAA;stable;Feb 16 2004
Moody's;Aaa;stable;Apr 04 2002
Fitch;AA+;stable;Mar 04 2002
Fitch;AA;positive;Jul 18 2001
Fitch;AA;stable;Sep 21 2000
S&P;AA+;positive;Jul 24 2000
Moody's;Aa1;stable;Aug 23 1999
Moody's;Aa2;positive;Feb 10 1999
Fitch;AA;n/a;Jan 27 1999
Moody's;Aa2;stable;Jun 04 1998
Moody's;Aa3;positive watch;May 15 1998
Moody's;Aa3;positive;Jun 26 1997
S&P;AA+;stable;Apr 18 1997
S&P;AA+;negative;Jan 12 1995
Moody's;Aa3;stable;Jan 05 1995
Fitch;AA-;n/a;Dec 22 1994
Moody's;Aa2;negative watch;Oct 08 1994
Fitch;AA;n/a;Aug 10 1994
S&P;AA+;stable;Mar 23 1993
S&P;AAA;stable;Mar 22 1993
Moody's;Aa2;stable;Feb 01 1993
Moody's;Aa1;stable;Jan 17 1991
S&P;AAA;negative;Oct 31 1990
S&P;AAA;stable;Jun 26 1989
Moody's;Aaa;stable;Nov 10 1977
S&P;AAA;n/a;Oct 27 1977
